prediction,reasoning,id,true_label
-1,Direct LLM prediction failed.,580,1
-1,Direct LLM prediction failed.,583,1
-1,Direct LLM prediction failed.,584,0
-1,Direct LLM prediction failed.,582,1
-1,Direct LLM prediction failed.,578,1
-1,Direct LLM prediction failed.,577,2
-1,Direct LLM prediction failed.,579,1
-1,Direct LLM prediction failed.,581,2
-1,Direct LLM prediction failed.,586,1
-1,Direct LLM prediction failed.,585,1
-1,Direct LLM prediction failed.,588,0
-1,Direct LLM prediction failed.,591,0
-1,Direct LLM prediction failed.,587,1
-1,Direct LLM prediction failed.,589,1
-1,Direct LLM prediction failed.,592,0
-1,Direct LLM prediction failed.,590,1
-1,Direct LLM prediction failed.,593,1
-1,Direct LLM prediction failed.,594,1
-1,Direct LLM prediction failed.,595,0
-1,Direct LLM prediction failed.,597,1
-1,Direct LLM prediction failed.,596,0
-1,Direct LLM prediction failed.,599,1
-1,Direct LLM prediction failed.,598,1
-1,Direct LLM prediction failed.,600,1
-1,Direct LLM prediction failed.,601,1
-1,Direct LLM prediction failed.,602,1
-1,Direct LLM prediction failed.,605,1
-1,Direct LLM prediction failed.,603,1
-1,Direct LLM prediction failed.,606,1
-1,Direct LLM prediction failed.,604,0
-1,Direct LLM prediction failed.,607,0
-1,Direct LLM prediction failed.,608,0
-1,Direct LLM prediction failed.,611,0
-1,Direct LLM prediction failed.,610,1
-1,Direct LLM prediction failed.,612,0
-1,Direct LLM prediction failed.,609,1
-1,Direct LLM prediction failed.,615,1
-1,Direct LLM prediction failed.,613,1
-1,Direct LLM prediction failed.,616,0
-1,Direct LLM prediction failed.,614,2
-1,Direct LLM prediction failed.,617,2
-1,Direct LLM prediction failed.,620,0
-1,Direct LLM prediction failed.,618,2
-1,Direct LLM prediction failed.,619,1
-1,Direct LLM prediction failed.,621,2
-1,Direct LLM prediction failed.,622,2
-1,Direct LLM prediction failed.,623,1
-1,Direct LLM prediction failed.,624,0
-1,Direct LLM prediction failed.,625,2
-1,Direct LLM prediction failed.,627,1
-1,Direct LLM prediction failed.,626,2
-1,Direct LLM prediction failed.,629,2
-1,Direct LLM prediction failed.,630,2
-1,Direct LLM prediction failed.,628,0
-1,Direct LLM prediction failed.,631,1
-1,Direct LLM prediction failed.,632,0
-1,Direct LLM prediction failed.,633,2
-1,Direct LLM prediction failed.,634,1
-1,Direct LLM prediction failed.,635,1
-1,Direct LLM prediction failed.,636,0
-1,Direct LLM prediction failed.,637,2
-1,Direct LLM prediction failed.,638,1
-1,Direct LLM prediction failed.,639,1
-1,Direct LLM prediction failed.,640,1
-1,Direct LLM prediction failed.,641,2
-1,Direct LLM prediction failed.,643,0
-1,Direct LLM prediction failed.,642,2
-1,Direct LLM prediction failed.,644,0
-1,Direct LLM prediction failed.,645,2
-1,Direct LLM prediction failed.,646,2
-1,Direct LLM prediction failed.,647,0
-1,Direct LLM prediction failed.,648,1
-1,Direct LLM prediction failed.,649,2
-1,Direct LLM prediction failed.,650,2
-1,Direct LLM prediction failed.,651,0
-1,Direct LLM prediction failed.,653,2
-1,Direct LLM prediction failed.,652,2
-1,Direct LLM prediction failed.,654,2
-1,Direct LLM prediction failed.,655,0
-1,Direct LLM prediction failed.,656,2
-1,Direct LLM prediction failed.,657,2
-1,Direct LLM prediction failed.,658,2
-1,Direct LLM prediction failed.,660,2
-1,Direct LLM prediction failed.,659,0
-1,Direct LLM prediction failed.,662,1
-1,Direct LLM prediction failed.,661,2
-1,Direct LLM prediction failed.,663,2
-1,Direct LLM prediction failed.,664,1
-1,Direct LLM prediction failed.,666,1
-1,Direct LLM prediction failed.,665,2
-1,Direct LLM prediction failed.,667,1
-1,Direct LLM prediction failed.,669,2
-1,Direct LLM prediction failed.,670,1
-1,Direct LLM prediction failed.,668,1
-1,Direct LLM prediction failed.,671,1
-1,Direct LLM prediction failed.,672,1
-1,Direct LLM prediction failed.,673,1
-1,Direct LLM prediction failed.,674,1
-1,Direct LLM prediction failed.,676,1
-1,Direct LLM prediction failed.,675,1
-1,Direct LLM prediction failed.,678,1
-1,Direct LLM prediction failed.,677,1
-1,Direct LLM prediction failed.,680,1
-1,Direct LLM prediction failed.,679,1
-1,Direct LLM prediction failed.,681,1
-1,Direct LLM prediction failed.,682,1
-1,Direct LLM prediction failed.,683,1
-1,Direct LLM prediction failed.,686,1
-1,Direct LLM prediction failed.,685,2
-1,Direct LLM prediction failed.,684,1
-1,Direct LLM prediction failed.,687,1
-1,Direct LLM prediction failed.,688,1
-1,Direct LLM prediction failed.,689,1
-1,Direct LLM prediction failed.,690,1
-1,Direct LLM prediction failed.,691,1
-1,Direct LLM prediction failed.,693,2
-1,Direct LLM prediction failed.,692,1
-1,Direct LLM prediction failed.,694,2
-1,Direct LLM prediction failed.,695,1
-1,Direct LLM prediction failed.,696,1
-1,Direct LLM prediction failed.,697,2
-1,Direct LLM prediction failed.,698,2
-1,Direct LLM prediction failed.,700,1
-1,Direct LLM prediction failed.,701,2
-1,Direct LLM prediction failed.,699,0
-1,Direct LLM prediction failed.,702,2
-1,Direct LLM prediction failed.,704,1
-1,Direct LLM prediction failed.,703,1
-1,Direct LLM prediction failed.,705,2
-1,Direct LLM prediction failed.,706,2
-1,Direct LLM prediction failed.,709,2
-1,Direct LLM prediction failed.,710,2
-1,Direct LLM prediction failed.,707,0
-1,Direct LLM prediction failed.,708,1
-1,Direct LLM prediction failed.,712,1
-1,Direct LLM prediction failed.,711,1
-1,Direct LLM prediction failed.,713,2
-1,Direct LLM prediction failed.,714,2
-1,Direct LLM prediction failed.,715,1
-1,Direct LLM prediction failed.,716,0
-1,Direct LLM prediction failed.,717,2
-1,Direct LLM prediction failed.,718,2
-1,Direct LLM prediction failed.,719,0
-1,Direct LLM prediction failed.,720,0
-1,Direct LLM prediction failed.,721,2
